VTD,total_votes,biden_votes,pct_biden,trump_votes,pct_trump
2400301-001,1672,737,0.4407894736842105,893,0.5340909090909091
2400301-002,1418,655,0.4619181946403385,717,0.5056417489421721
2400301-003,1453,590,0.4060564349621473,822,0.565726083964212
2400301-004,1539,911,0.5919428200129955,595,0.3866146848602989
2400301-005,1301,864,0.6641045349730976,401,0.30822444273635663
2400301-006,1909,1371,0.7181770560502881,475,0.24882137244630698
2400301-007,1083,406,0.37488457987072943,629,0.5807940904893814
2400301-008,1603,609,0.3799126637554585,936,0.5839051777916406
2400301-009,1444,521,0.360803324099723,880,0.6094182825484764
2400301-010,1101,491,0.44595821980018163,573,0.5204359673024523
2400301-011,905,374,0.41325966850828727,505,0.5580110497237569
2400301-012,1787,1358,0.7599328483491886,390,0.21824286513710128
2400301-013,634,313,0.49369085173501576,307,0.4842271293375394
2400301-014,1321,571,0.43224829674489024,710,0.5374716124148372
2400301-015,1355,666,0.4915129151291513,648,0.4782287822878229
2400301-016,1144,543,0.47465034965034963,571,0.4991258741258741
2400301-017,910,470,0.5164835164835165,429,0.4714285714285714
2400301-018,1967,1218,0.6192170818505338,699,0.3553634977122522
2400301-019,1785,1312,0.735014005602241,421,0.23585434173669467
2400301-020,1849,1276,0.6901027582477015,517,0.27961060032449975
2400301-021,1858,1554,0.8363832077502691,257,0.13832077502691065
2400301-022,4583,3463,0.7556185904429413,997,0.21754309404320316
2400301-023,1585,1227,0.7741324921135647,320,0.20189274447949526
2400301-024,1176,863,0.733843537414966,285,0.2423469387755102
2400301-025,1076,577,0.5362453531598513,466,0.43308550185873607
2400301-026,2395,1998,0.8342379958246346,345,0.1440501043841336
2400302-001,1413,746,0.5279547062986554,612,0.43312101910828027
2400302-002,1268,733,0.5780757097791798,506,0.3990536277602524
2400302-003,1233,593,0.48094079480940793,602,0.4882400648824006
2400302-004,2014,1152,0.5719960278053625,813,0.40367428003972194
2400302-005,1474,873,0.5922659430122117,560,0.37991858887381275
2400302-006,1165,563,0.4832618025751073,566,0.4858369098712446
2400302-007,2046,1125,0.5498533724340176,865,0.4227761485826002
2400302-008,1732,761,0.43937644341801385,929,0.5363741339491916
2400302-009,1547,995,0.643180349062702,496,0.3206205559146736
2400302-010,1601,626,0.3910056214865709,939,0.5865084322298564
2400302-011,937,417,0.4450373532550694,491,0.5240128068303095
2400302-012,1083,452,0.41735918744228995,607,0.5604801477377654
2400302-013,1474,722,0.4898236092265943,691,0.4687924016282225
2400302-014,1887,1461,0.7742448330683624,371,0.1966083730789613
2400302-015,1695,1154,0.6808259587020649,480,0.2831858407079646
2400302-016,956,424,0.4435146443514644,507,0.5303347280334728
2400302-017,1744,1303,0.7471330275229358,405,0.23222477064220184
2400302-018,1172,792,0.6757679180887372,341,0.2909556313993174
2400302-019,1515,981,0.6475247524752475,499,0.32937293729372935
2400302-020,1695,943,0.5563421828908555,700,0.41297935103244837
2400302-021,2568,1248,0.48598130841121495,1242,0.48364485981308414
2400302-022,1800,688,0.38222222222222224,1044,0.58
2400302-023,2053,1139,0.5547978567949342,826,0.4023380418899172
2400302-024,1620,876,0.5407407407407407,696,0.42962962962962964
2400303-001,1519,510,0.3357472021066491,964,0.6346280447662936
2400303-002,1052,353,0.3355513307984791,670,0.6368821292775665
2400303-003,2155,727,0.3373549883990719,1366,0.6338747099767982
2400303-004,2064,858,0.41569767441860467,1145,0.5547480620155039
2400303-005,2414,1070,0.44324772162386084,1271,0.5265120132560066
2400303-006,6570,3917,0.5961948249619482,2479,0.37732115677321154
2400303-007,1568,683,0.43558673469387754,825,0.5261479591836735
2400303-008,1942,1069,0.5504634397528322,821,0.4227600411946447
2400303-009,833,295,0.35414165666266506,507,0.6086434573829532
2400303-010,1816,548,0.30176211453744495,1230,0.6773127753303965
2400303-011,1905,594,0.31181102362204727,1265,0.6640419947506562
2400303-012,1730,469,0.27109826589595376,1219,0.7046242774566474
2400303-013,1824,551,0.3020833333333333,1225,0.6716008771929824
2400303-014,1193,363,0.30427493713327747,808,0.6772841575859179
2400303-015,1252,400,0.3194888178913738,815,0.6509584664536742
2400303-016,1626,589,0.36223862238622384,980,0.6027060270602707
2400303-017,1582,443,0.2800252844500632,1099,0.6946902654867256
2400303-018,1957,605,0.3091466530403679,1310,0.6693919264179867
2400303-019,1636,464,0.28361858190709044,1143,0.6986552567237164
2400303-020,1373,361,0.2629278951201748,980,0.7137654770575382
2400303-021,1875,814,0.4341333333333333,987,0.5264
2400303-022,1353,572,0.42276422764227645,755,0.5580192165558019
2400303-023,1391,536,0.38533429187634793,810,0.582314881380302
2400303-024,1785,667,0.37366946778711485,1070,0.5994397759103641
2400303-025,1335,827,0.6194756554307116,477,0.35730337078651686
2400304-001,1378,1022,0.7416545718432511,331,0.24020319303338172
2400304-002,2032,1294,0.6368110236220472,659,0.3243110236220472
2400304-003,1558,843,0.5410783055198973,663,0.42554557124518616
2400304-004,1817,818,0.45019262520638414,923,0.5079801871216291
2400304-005,1141,775,0.6792287467134093,338,0.2962313759859772
2400304-006,2218,1967,0.8868349864743011,209,0.09422903516681695
2400304-007,2252,1628,0.7229129662522202,544,0.24156305506216696
2400304-008,1570,830,0.5286624203821656,693,0.44140127388535033
2400304-009,2604,2195,0.8429339477726574,356,0.13671274961597543
2400304-010,1569,1030,0.6564690885914596,513,0.32695984703632885
2400304-011,1359,905,0.6659308314937454,407,0.2994849153789551
2400304-012,1488,859,0.5772849462365591,583,0.3918010752688172
2400304-013,1440,615,0.4270833333333333,777,0.5395833333333333
2400304-014,1517,714,0.47066578773895845,744,0.4904416611733685
2400304-015,2283,1185,0.519053876478318,1012,0.44327639071397285
2400304-016,1720,1202,0.6988372093023256,476,0.27674418604651163
2400304-017,1312,920,0.7012195121951219,354,0.2698170731707317
2400304-018,2400,1617,0.67375,714,0.2975
2400304-019,1568,1376,0.8775510204081632,167,0.10650510204081633
2400304-020,1727,1158,0.6705269253039954,523,0.3028372900984366
2400304-021,2657,1654,0.6225065863756116,925,0.34813699661272113
2400304-022,1545,1097,0.7100323624595469,405,0.2621359223300971
2400304-023,2754,1741,0.6321713870733479,936,0.33986928104575165
2400304-024,1825,1498,0.8208219178082192,279,0.15287671232876712
2400304-025,209,147,0.7033492822966507,59,0.2822966507177033
2400304-026,803,609,0.7584059775840598,167,0.20797011207970112
2400305-001,1927,1010,0.5241307732226258,851,0.4416190970420342
2400305-002,2015,1153,0.5722084367245658,799,0.3965260545905707
2400305-003,1743,953,0.546758462421113,734,0.42111302352266206
2400305-004,1756,885,0.5039863325740319,815,0.464123006833713
2400305-005,1648,933,0.5661407766990292,663,0.40230582524271846
2400305-006,1413,854,0.6043878273177636,517,0.36588818117480537
2400305-007,1428,764,0.5350140056022409,620,0.4341736694677871
2400305-008,1766,962,0.5447338618346546,736,0.41676104190260477
2400305-009,1081,601,0.5559666975023126,444,0.4107308048103608
2400305-010,905,428,0.47292817679558014,454,0.5016574585635359
2400305-011,1520,808,0.531578947368421,659,0.43355263157894736
2400305-012,1293,707,0.5467904098994586,537,0.41531322505800466
2400305-013,1581,827,0.5230866540164453,682,0.43137254901960786
2400305-014,1633,871,0.5333741579914268,706,0.43233312921004285
2400305-015,867,453,0.5224913494809689,387,0.4463667820069204
2400305-016,1279,692,0.54104769351055515,548,0.4284597341673182
2400305-017,1805,960,0.5318559556786704,797,0.44155124653739614
2400305-018,1607,911,0.566894835096453,644,0.4007467330429372
2400305-019,1397,755,0.5404438081603435,590,0.42233357193987114
2400305-020,1672,1007,0.6022727272727273,610,0.36483253588516745
2400305-021,2282,1270,0.5565293602103418,929,0.40709903593339175
2400305-022,1778,975,0.5483689538807649,727,0.40888638920134984
2400305-023,1224,717,0.5857843137254902,473,0.38643790849673204
2400305-024,1400,707,0.505,649,0.4635714285714286
2400305-025,1593,803,0.5040803515379787,743,0.46641556811048335
2400305-026,2788,1629,0.5842898134863702,1058,0.3794835007173601
2400305-027,1556,877,0.5636246786632391,622,0.39974293059125965
2400305-028,801,449,0.5605493133583022,332,0.41448189762796506
2400305-029,668,243,0.36377245508982037,397,0.594311377245509
2400305-030,881,446,0.5062429057888763,409,0.4642451759364359
2400305-031,504,251,0.498015873015873,237,0.47023809523809523
2400305-032,714,460,0.6442577030812325,232,0.32492997198879553
2400305-033,1606,705,0.43897882938978827,848,0.5280199252801993
2400305-034,989,563,0.5692618806875632,388,0.3923154701718908
2400305-035,159,78,0.49056603773584906,79,0.4968553459119497
2400306-001,2196,1596,0.726775956284153,540,0.2459016393442623
2400306-002,1570,1016,0.6471337579617834,508,0.3235668789808917
2400306-003,1114,937,0.8411131059245961,156,0.1400359066427289
2400306-004,530,433,0.8169811320754717,80,0.1509433962264151
2400306-005,1142,753,0.659369527145359,356,0.3117338003502627
2400306-006,725,599,0.8262068965517242,114,0.15724137931034482
2400306-007,876,633,0.7226027397260274,223,0.2545662100456621
2400306-008,1481,1064,0.7184334908845375,384,0.25928426738690075
2400306-009,1517,963,0.6348055372445617,507,0.33421226104152935
2400306-010,1245,734,0.5895582329317269,477,0.38313253012048193
2400306-011,1002,718,0.716566866267465,257,0.2564870259481038
2400306-012,1595,1159,0.7266457680250784,387,0.2426332288401254
2400306-013,932,736,0.7896995708154506,174,0.18669527896995708
2400306-014,1560,1238,0.7935897435897435,294,0.18846153846153846
2400306-015,1194,899,0.7529313232830821,267,0.2236180904522613
2400306-016,806,650,0.8064516129032258,140,0.17369727047146402
2400306-017,1571,1104,0.7027371101209421,433,0.27562062380649266
2400306-018,1768,1213,0.6860859728506787,507,0.2867647058823529
2400306-019,2224,1285,0.5777877697841727,895,0.40242805755395683
2400306-020,1263,769,0.6088677751385589,479,0.37925574030087095
2400306-021,814,400,0.4914004914004914,387,0.47542997542997545
2400306-022,1810,1153,0.6370165745856353,589,0.32541436464088397
2400306-023,1370,902,0.6583941605839416,427,0.3116788321167883
2400306-024,1374,986,0.7176128093158661,347,0.25254730713246
2400306-025,1401,847,0.6045681655960029,509,0.36331192005710206
2400306-026,2602,1438,0.5526518063028439,1087,0.41775557263643354
2400306-027,783,369,0.47126436781609193,397,0.5070242656449553
2400306-028,1409,718,0.5095812633073101,652,0.4627395315826828
2400306-029,966,525,0.5434782608695652,409,0.42339544513457555
2400306-030,1557,1049,0.6737315350032113,471,0.302504816955684
2400306-031,1260,697,0.5531746031746032,539,0.42777777777777776
2400306-032,1454,859,0.5907840440165062,542,0.37276478679504815
2400307-001,2253,931,0.4132268086995118,1270,0.5636928539724811
2400307-002,2068,958,0.4632495164410058,1059,0.5120889748549323
2400307-003,1462,773,0.5287277701778386,660,0.45143638850889195
2400307-004,1466,660,0.45020463847203274,764,0.5211459754433834
2400307-005,2822,1299,0.4603118355776045,1448,0.513111268603827
2400307-006,2622,1129,0.4305873379099924,1410,0.5377574370709383
2400307-007,2019,926,0.45864289252105,1052,0.521050024764735
2400307-008,1701,777,0.4567901234567901,885,0.5202821869488536
2400307-009,1665,834,0.5009009009009009,787,0.47267267267267266
2400307-010,1974,868,0.4397163120567376,1061,0.5374873353596757
2400307-011,669,275,0.4110612855007474,368,0.55007473841554555
2400307-012,1090,527,0.4834862385321101,528,0.48440366972477067
2400307-013,1880,931,0.4952127659574468,889,0.4728723404255319
2400307-014,1249,758,0.6068855084067254,442,0.35388310648518817
2400307-015,1743,1025,0.5880665519219737,648,0.3717728055077453
2400307-016,1731,1207,0.6972848064702484,465,0.268630849220104
2400307-017,1028,597,0.580739299610895,379,0.36867704280155644
2400307-018,1799,1107,0.6153418565869928,642,0.3568649249583102
2400307-019,1177,500,0.42480883602378927,651,0.5531011045029737
2400307-020,1360,871,0.6404411764705882,430,0.3161764705882353
2400307-021,2053,787,0.38334145153434,1212,0.5903555772040916
2400307-022,2029,966,0.4760965993100049,1017,0.5012321340561853
2400307-023,2346,1193,0.5085251491901108,1093,0.4658994032395567
2400307-024,2034,1175,0.5776794493608652,779,0.3829891838741396
2400307-025,1781,754,0.4233576642335766,988,0.5547445255474452
2400307-026,1729,939,0.5430884904569115,728,0.42105263157894735
2400307-027,2436,1218,0.5,1162,0.47701149425287354
2400501-001,3931,3487,0.8870516408038667,375,0.09539557364538286
2400501-002,1260,1119,0.888095238095238,122,0.09682539682539683
2400501-003,2499,2002,0.8011204481792717,446,0.17847138855542216
2400501-004,2912,2312,0.7939560439560439,534,0.18337912087912087
2400501-005,2728,2205,0.8082844574780058,465,0.17045454545454544
2400501-006,2697,2479,0.9191694475342974,175,0.06488691138301816
2400501-007,1535,1171,0.7628664495114007,323,0.21042345276872965
2400501-008,2993,1990,0.6648847310390912,872,0.2913464751085867
2400501-009,1847,1307,0.707634001082837,488,0.2642122360584732
2400501-010,2346,1553,0.6619778346121057,711,0.3030690537084399
2400501-011,2128,1204,0.5657894736842105,819,0.3848684210526316
2400501-012,3043,1802,0.5921787709497207,1112,0.365428853105488
2400501-013,2518,1614,0.6409849086576648,808,0.32088959491660046
2400501-014,2243,1251,0.5577351761034329,922,0.41105662059741416
2400501-015,2414,1571,0.6507870753935378,757,0.3135874067937034
2400501-016,1785,1061,0.5943977591036415,700,0.39215686274509803
2400501-017,2878,2654,0.9221681723419041,197,0.0684503127171647
2400502-001,1244,1191,0.957395498392283,43,0.03456591639871383
2400502-002,2325,2194,0.9436559139784946,99,0.04258064516129032
2400502-003,354,320,0.903954802259887,30,0.0847457627118644
2400502-004,1982,1845,0.9308779011099899,109,0.0549949545913219
2400502-005,1844,1755,0.9517353579175705,74,0.04013015184381779
2400502-006,2397,2224,0.9278264497288277,137,0.05715477680433876
2400502-007,2237,1950,0.8717031738936075,247,0.11041573535985695
2400502-008,2202,2054,0.932788374205268,124,0.05631244323342416
2400502-009,1586,1479,0.9325346784363178,81,0.0510718789407314
2400502-010,3171,2931,0.924314096499527,201,0.06338694418164617
2400502-011,2732,2458,0.8997071742313324,240,0.08784773060029283
2400502-012,3364,3032,0.901307966706302,281,0.08353151010701546
2400502-013,2694,2472,0.9175946547884187,183,0.06792873051224944
2400502-014,3246,3021,0.9306839186691312,187,0.05760936537276648
2400502-015,3643,3372,0.9256107603623387,225,0.06176228383200659
2400502-016,1203,1098,0.912718204488778,84,0.06982543640897755
2400502-017,2165,2014,0.9302540415704388,125,0.057736720554272515
2400502-018,1106,977,0.8833634719710669,117,0.1057866184448463
2400502-019,854,464,0.5433255269320844,363,0.42505854800936765
2400502-020,710,615,0.8661971830985915,88,0.12394366197183099
2400502-021,837,456,0.5448028673835126,353,0.4217443249701314
2400502-022,38,34,0.8947368421052632,4,0.10526315789473684
2400502-023,435,337,0.774712643678161,95,0.21839080459770116
2400502-024,2042,1884,0.9226248775710089,137,0.06709108716944172
2400502-025,601,476,0.7920133111480865,117,0.194675540765391
2400502-026,1777,1542,0.8677546426561621,205,0.11536297129994373
2400502-027,1887,1728,0.9157392686804452,133,0.07048224695283518
2400502-028,191,182,0.9528795811518325,5,0.02617801047120419
2400502-029,2300,2044,0.888695652173913,226,0.09826086956521739
2400502-030,353,261,0.7393767705382436,88,0.24929178470254956
2400502-031,1608,1459,0.9073383084577115,131,0.08146766169154229
2400503-001,2811,2602,0.9256492351476343,172,0.06118818925649235
2400503-002,2080,1671,0.8033653846153846,360,0.17307692307692307
2400503-003,1874,1746,0.9316969050160085,108,0.0576307363927428
2400503-004,1364,1117,0.8189149560117303,204,0.1495601173020528
2400503-005,2299,1825,0.7938234014789038,422,0.18355806872553285
2400503-006,2256,1489,0.6600177304964538,721,0.3195921985815603
2400503-007,3185,1390,0.4364207221350079,1730,0.543171114599686
2400503-008,2407,1617,0.671790610718737,739,0.3070211882010802
2400503-009,2778,1966,0.7077033837293016,760,0.2735781137508999
2400503-010,2709,2018,0.7449243263196752,628,0.23181985972683647
2400503-011,2435,1890,0.7761806981519507,499,0.20492813141683777
2400503-012,1742,1421,0.8157290470723306,281,0.16130884041331803
2400503-013,1943,1276,0.6567164179104478,612,0.3149768399382398
2400503-014,1068,657,0.6151685393258427,392,0.36704119850187267
2400504-001,2514,2018,0.8027048528241846,449,0.17859984089101033
2400504-002,2469,1950,0.7897934386391251,472,0.1911705143782908
2400504-003,2678,1840,0.6870799103808812,783,0.29238237490664676
2400504-004,3167,2278,0.7192927060309441,798,0.2519734764761604
2400504-005,1828,1200,0.6564551422319475,575,0.31455142231947486
2400504-006,1932,1304,0.6749482401656315,567,0.29347826086956524
2400504-007,3585,2428,0.6772663877266387,1064,0.29679218967921894
2400504-008,2820,1798,0.6375886524822695,927,0.32872340425531915
2400504-009,1532,709,0.46279373368146215,778,0.5078328981723238
2400504-010,1531,1101,0.7191378184193338,391,0.25538863487916397
2400504-011,372,198,0.532258064516129,158,0.42473118279569894
2400504-012,3759,2994,0.7964884277733439,702,0.18675179569034317
2400504-013,586,326,0.5563139931740614,240,0.40955631399317405
2400504-014,1937,1657,0.8554465668559629,239,0.1233866804336603
2400504-015,123,108,0.8780487804878049,14,0.11382113821138211
2400505-001,2403,926,0.3853516437786101,1405,0.5846858094049106
2400505-002,607,241,0.3970345963756178,344,0.5667215815485996
2400506-001,1909,682,0.35725510738606603,1159,0.607124148768989
2400506-002,1959,708,0.3614088820826952,1181,0.6028586013272078
2400507-001,2572,870,0.33825816485225507,1638,0.6368584758942457
2400507-002,996,386,0.38755020080321284,567,0.5692771084337349
2400507-003,2217,924,0.4167794316644114,1216,0.548488949030221
2400508-001,2543,1265,0.4974439638222572,1197,0.4707038930397169
2400508-002,1850,863,0.4664864864864865,961,0.5194594594594595
2400508-003,1358,799,0.5883652430044183,503,0.3703976435935199
2400508-004,2026,1155,0.5700888450148075,815,0.4022704837117473
2400508-005,800,380,0.475,402,0.5025
2400508-006,2761,2214,0.8018833755885548,481,0.17421224194132562
2400508-007,1668,1151,0.6900479616306955,463,0.2775779376498801
2400508-008,1888,1107,0.5863347457627118,715,0.3787076271186441
2400508-009,2555,1500,0.5870841487279843,983,0.3847358121330724
2400508-010,2051,1123,0.5475377864456362,868,0.4232081911262799
2400508-011,1233,735,0.5961070559610706,463,0.37550689375506896
2400508-012,1958,1103,0.5633299284984679,791,0.40398365679264553
2400508-013,2150,1185,0.5511627906976744,898,0.41767441860465115
2400508-014,1257,690,0.548926014319809,517,0.411296738265712
2400508-015,1462,854,0.5841313269493844,564,0.3857729138166895
2400508-016,761,500,0.657030223390276,245,0.3219448094612352
2400508-017,1683,971,0.5769459298871064,659,0.39156268568033276
2400508-018,831,467,0.5619735258724429,338,0.40673886883273164
2400508-019,2061,1091,0.5293546821931101,913,0.442988840368753
2400508-020,1068,592,0.5543071161048689,445,0.4166666666666667
2400508-021,538,251,0.46654275092936803,271,0.5037174721189591
2400508-022,1747,1003,0.5741270749856897,695,0.3978248425872925
2400508-023,664,382,0.5753012048192772,265,0.3990963855421687
2400508-024,972,499,0.5133744855967078,446,0.4588477366255144
2400508-025,1421,747,0.525686136523575,621,0.4370161857846587
2400508-026,13,7,0.5384615384615384,5,0.38461538461538464
2400508-027,1219,626,0.5135356849876949,553,0.45365053322395404
2400508-028,354,199,0.5621468926553672,147,0.4152542372881356
2400509-001,2294,1571,0.6848299912816042,645,0.28116826503923276
2400509-002,1489,925,0.6212222968435192,524,0.3519140362659503
2400509-003,2963,2250,0.7593655079311509,621,0.20958488018899762
2400509-004,1650,1222,0.7406060606060606,375,0.22727272727272727
2400509-005,2947,2002,0.6793349168646081,835,0.2833389888021717
2400509-006,983,734,0.7466937945066124,216,0.21973550356052898
2400509-007,1844,1032,0.559652928416486,745,0.40401301518438176
2400509-008,1446,794,0.5491009681881052,595,0.4114799446749654
2400509-009,1544,858,0.555699481865285,644,0.4170984455958549
2400509-010,3953,2848,0.7204654692638502,1019,0.25777890209967114
2400509-011,1924,1437,0.7468814968814969,438,0.22765072765072766
2400509-012,1414,1009,0.7135785007072136,354,0.25035360678925034
2400509-013,2139,1574,0.7358578775128565,484,0.2262739597942964
2400509-014,1994,1639,0.8219658976930793,298,0.14944834503510532
2400509-015,1901,1506,0.7922146238821672,345,0.18148342977380327
2400509-016,724,442,0.6104972375690608,259,0.35773480662983426
2400509-017,886,652,0.7358916478555305,204,0.23024830699774265
2400509-018,1479,1008,0.6815415821501014,439,0.29682217714672077
2400509-019,1566,1095,0.6992337164750958,407,0.2598978288633461
2400509-020,1721,1570,0.9122603137710633,119,0.06914584543869844
2400509-021,2390,1388,0.5807531380753138,939,0.39288702928870295
2400509-022,2334,1328,0.5689802913453299,934,0.4001713796058269
2400509-023,2039,1191,0.5841098577734184,792,0.3884256988719961
2400509-024,2684,1539,0.573397913561848,1044,0.3889716840536513
2400509-025,1690,977,0.5781065088757397,666,0.3940828402366864
2400509-026,1072,645,0.601679104477612,391,0.36473880597014924
2400509-027,20,11,0.55,9,0.45
2400509-028,1237,1020,0.824575586095392,191,0.1544058205335489
2400509-029,72,68,0.9444444444444444,3,0.041666666666666664
2400510-001,2300,1017,0.44217391304347825,1205,0.5239130434782608
2400510-002,1474,739,0.5013568521031208,695,0.47150610583446406
2400510-003,1342,593,0.44187779433681074,710,0.5290611028315947
2400510-004,1874,786,0.4194236926360726,1025,0.5469583778014941
2400510-005,305,132,0.43278688524590164,169,0.5540983606557377
2400510-006,14,7,0.5,7,0.5
2400510-007,531,283,0.5329566854990584,233,0.4387947269303202
2400511-001,1448,638,0.44060773480662985,760,0.5248618784530387
2400511-002,2415,864,0.3577639751552795,1479,0.6124223602484472
2400511-003,3433,912,0.26565685988930965,2431,0.7081270026216138
2400511-004,2072,983,0.47442084942084944,1045,0.5043436293436293
2400511-005,2106,889,0.42212725546058877,1151,0.5465337132003799
2400511-006,1583,564,0.3562855337965888,967,0.6108654453569172
2400511-007,3051,1500,0.4916420845624385,1464,0.47984267453294
2400511-008,1495,671,0.4488294314381271,785,0.5250836120401338
2400511-009,1787,1016,0.5685506435366536,730,0.408505875769446
2400511-010,2226,1295,0.5817610062893082,884,0.3971248876909254
2400511-011,2526,1331,0.5269200316706255,1122,0.44418052256532065
2400511-012,2643,1239,0.46878547105561863,1334,0.504729474082482
2400511-013,723,410,0.56708160442600275,291,0.4024896265560166
2400511-014,2148,936,0.43575418994413406,1147,0.5339851024208566
2400511-015,1469,727,0.49489448604492853,722,0.4914908100748809
2400511-016,1124,796,0.708185053380783,301,0.2677935943060498
2400511-017,2438,1183,0.485233798195242,1189,0.48769483182936835
2400511-018,527,235,0.4459203036053131,274,0.5199240986717267
2400511-019,1967,1159,0.5892221657346213,764,0.3884087442806304
2400511-020,57,18,0.3157894736842105,37,0.6491228070175439
2400511-021,466,286,0.6137339055793991,165,0.3540772532188841
2400511-022,3254,1597,0.49078057775046097,1588,0.4880147510755993
2400511-023,786,364,0.4631043256997455,393,0.5
2400511-024,232,67,0.28879310344827586,160,0.6896551724137931
2400511-026,264,81,0.3068181818181818,175,0.6628787878787878
2400511-027,8,3,0.375,5,0.625
2400512-001,1275,498,0.3905882352941176,743,0.5827450980392157
2400512-002,1432,628,0.43854748603351956,772,0.5391061452513967
2400512-003,1925,771,0.4005194805194805,1107,0.5750649350649351
2400512-004,2314,706,0.3050993949870354,1549,0.6694036300777874
2400512-005,1667,559,0.3353329334133173,1059,0.6352729454109178
2400512-006,1463,680,0.46479835953520166,745,0.5092276144907724
2400512-007,2261,922,0.40778416629809816,1286,0.5687748783724016
2400512-008,1394,484,0.3472022955523673,871,0.6248206599713056
2400512-009,618,280,0.45307443365695793,322,0.5210355987055016
2400512-010,1467,718,0.4894342194955692,694,0.4730743012951602
2400512-011,1919,939,0.4893173527879104,933,0.48619072433559146
2400512-012,1552,606,0.3904639175257732,905,0.583118556701031
2400512-013,858,790,0.9207459207459208,53,0.06177156177156177
2400513-001,1577,923,0.585288522511097,613,0.388712745719721
2400513-002,1255,608,0.48446215139442234,608,0.48446215139442234
2400513-003,2029,943,0.4647609659931001,1025,0.5051749630359783
2400513-004,2246,1052,0.4683882457702582,1111,0.4946571682991986
2400513-005,2081,879,0.42239308024987987,1120,0.5382027871215762
2400513-006,631,287,0.4548335974643423,325,0.5150554675118859
2400513-007,978,561,0.5736196319018405,401,0.4100204498977505
2400513-008,1157,353,0.3050993949870354,773,0.6681071737251513
2400513-009,2194,1038,0.4731084776663628,1099,0.5009115770282588
2400514-001,1511,719,0.4758438120450033,745,0.4930509596293845
2400514-002,2848,1667,0.5853230337078652,1122,0.39396067415730335
2400514-003,2314,1469,0.6348314606741573,799,0.3452895419187554
2400514-004,349,207,0.5931232091690545,136,0.38968481375358166
2400514-005,520,383,0.7365384615384616,122,0.23461538461538461
2400514-006,2313,1158,0.5006485084306096,1065,0.4604409857328145
2400514-007,1693,999,0.5900767867690491,658,0.38865918487891316
2400514-008,2100,1568,0.7466666666666667,489,0.23285714285714285
2400514-009,2709,2037,0.751937984496124,629,0.2321889996308601
2400514-010,1750,1018,0.5817142857142857,699,0.3994285714285714
2400514-011,1693,972,0.5741287655050207,682,0.4028352037802717
2400514-012,1458,719,0.49314128943758573,670,0.45953360768175583
2400514-013,1643,1113,0.6774193548387096,501,0.3049300060864273
2400514-014,418,264,0.631578947368421,142,0.3397129186602871
2400515-001,754,344,0.4562334217506631,393,0.5212201591511937
2400515-002,1663,622,0.3740228502705953,1006,0.6049308478653037
2400515-003,1549,485,0.3131052291801162,1035,0.6681730148482892
2400515-004,1929,1193,0.6184551581130119,694,0.35977190254017627
2400515-005,4264,2492,0.5844277673545967,1688,0.39587242026266417
2400515-006,1856,451,0.2429956896551724,1370,0.7381465517241379
2400515-007,1777,829,0.4665166010129432,919,0.5171637591446258
2400515-008,1776,785,0.4420045045045045,942,0.5304054054054054
2400515-009,846,296,0.34988179669030733,531,0.6276595744680851
2400515-010,1493,767,0.5137307434695244,679,0.4547890154052244
2400515-011,1724,908,0.5266821345707656,786,0.45591647331786544
2400515-012,1265,379,0.29960474308300394,855,0.6758893280632411
2400515-013,1149,343,0.29852045256744997,786,0.6840731070496083
2400515-014,591,182,0.3079526226734349,386,0.6531302876480541
2400515-015,1340,492,0.36716417910447763,816,0.608955223880597
2400515-016,1336,557,0.41691616766467066,757,0.5666167664670658
2400515-017,1866,1271,0.6811361200428725,552,0.2958199356913183
2400515-018,1662,702,0.4223826714801444,922,0.5547533092659447
2400515-019,2756,882,0.3200290275761974,1798,0.6523947750362845
2400515-020,2652,832,0.3137254901960784,1757,0.6625188536953243
2400515-021,2982,830,0.278336686787391,2083,0.6985244802146211
2400515-022,2400,563,0.23458333333333334,1793,0.7470833333333333
2400515-023,1857,1509,0.8126009693053312,312,0.1680129240710824
2400515-024,640,328,0.5125,300,0.46875
2400515-025,2978,1412,0.47414372061786436,1509,0.5067159167226326
2400515-026,1504,340,0.22606382978723405,1141,0.7586436170212766
2451001-001,1612,1317,0.8169975186104218,248,0.15384615384615385
2451001-002,1338,1142,0.8535127055306427,158,0.11808669656203288
2451001-003,1291,1008,0.7807900852052673,233,0.18048024786986833
2451001-004,1670,1241,0.7431137724550898,376,0.2251497005988024
2451001-005,2186,1614,0.7383348581884721,494,0.22598353156450138
2451002-001,722,640,0.8864265927977839,68,0.09418282548476455
2451002-002,1133,966,0.852603706972639,138,0.12180052956751986
2451002-003,1639,1356,0.8273337400854179,246,0.150091519219036
2451003-001,448,411,0.9174107142857143,23,0.05133928571428571
2451003-002,321,285,0.8878504672897196,29,0.09034267912772585
2451003-003,1417,1115,0.7868736767819337,262,0.18489767113620326
2451004-001,981,875,0.891946992864424,84,0.0856269113149847
2451004-002,1515,1336,0.8818481848184818,141,0.09306930693069307
2451004-003,259,248,0.9575289575289575,5,0.019305019305019305
2451005-001,521,485,0.9309021113243762,26,0.04990403071017274
2451005-002,70,69,0.9857142857142858,0,0
2451006-001,503,452,0.8986083499005965,39,0.0775347912524851
2451006-002,363,327,0.9008264462809917,28,0.07713498622589532
2451006-003,246,229,0.9308943089430894,15,0.06097560975609756
2451006-004,793,719,0.9066834804539723,45,0.05674653215636822
2451006-005,1745,1542,0.8836676217765043,162,0.09283667621776505
2451007-001,501,472,0.9421157684630739,21,0.041916167664670656
2451007-002,180,166,0.9222222222222223,11,0.06111111111111111
2451007-003,880,831,0.9443181818181818,30,0.03409090909090909
2451007-004,798,759,0.9511278195488722,34,0.042606516290726815
2451008-001,64,59,0.921875,5,0.078125
2451008-002,765,721,0.9424836601307189,35,0.0457516339869281
2451008-003,740,699,0.9445945945945946,36,0.04864864864864865
2451008-004,170,157,0.9235294117647059,10,0.058823529411764705
2451008-005,659,630,0.9559939301972686,27,0.0409711684370258
2451008-006,984,941,0.9563008130081301,26,0.026422764227642278
2451008-007,496,473,0.9536290322580645,16,0.03225806451612903
2451008-008,685,591,0.8627737226277372,76,0.11094890510948906
2451008-009,39,36,0.9230769230769231,2,0.05128205128205128
2451008-010,1338,1288,0.9626307922272048,31,0.023168908819133034
2451008-011,211,201,0.95260663507109,7,0.03317535545023697
2451009-001,358,338,0.9441340782122905,10,0.027932960893854747
2451009-002,496,461,0.9294354838709677,24,0.04838709677419355
2451009-003,767,730,0.9517601043024772,27,0.035202086049543675
2451009-004,1919,1805,0.9405940594059405,80,0.041688379364252216
2451009-005,1161,1087,0.9362618432385874,55,0.047372954349698536
2451009-006,1261,1200,0.9516256938937351,46,0.03647898493259318
2451009-007,893,854,0.9563269876819709,24,0.026875699888017916
2451009-008,546,529,0.9688644688644689,15,0.027472527472527472
2451009-009,428,399,0.9322429906542056,22,0.0514018691588785
2451009-010,601,563,0.9367720465890182,23,0.03826955074875208
2451009-011,112,108,0.9642857142857143,1,0.008928571428571428
2451009-012,657,627,0.954337899543379,18,0.0273972602739726
2451009-013,197,186,0.9441624365482234,10,0.050761421319796954
2451009-014,587,562,0.9574105621805792,16,0.027257240204429302
2451009-015,726,687,0.9462809917355371,30,0.04132231404958678
2451010-001,543,528,0.9723756906077348,11,0.020257826887661142
2451010-002,512,484,0.9453125,15,0.029296875
2451010-003,158,141,0.8924050632911392,13,0.08227848101265822
2451010-004,261,251,0.9616858237547893,3,0.011494252873563218
2451011-001,1153,1056,0.9158716392020815,57,0.049436253252385085
2451011-002,269,248,0.9219330855018587,17,0.06319702602230483
2451011-003,1006,938,0.9324055666003976,45,0.04473161033797217
2451011-004,37,34,0.918918918918919,2,0.05405405405405406
2451011-005,887,840,0.9470124013528749,36,0.040586245772266064
2451011-006,1474,1346,0.9131614654002713,95,0.06445047489823609
2451011-007,998,915,0.9168336673346693,50,0.050100200400801605
2451012-001,1923,1692,0.8798751950078003,195,0.10140405616224649
2451012-002,188,150,0.7978723404255319,31,0.16489361702127658
2451012-003,486,432,0.8888888888888888,42,0.08641975308641975
2451012-004,710,647,0.9112676056338028,47,0.06619718309859154
2451012-005,749,698,0.931909212283044,34,0.04539385847797063
2451012-006,582,530,0.9106529209621993,32,0.054982817869415807
2451012-007,872,822,0.9426605504587156,24,0.027522935779816515
2451012-008,947,857,0.9049630411826821,45,0.04751847940865892
2451012-009,1154,990,0.8578856152512998,136,0.11785095320623917
2451012-010,802,739,0.9214463840399002,34,0.04239401496259352
2451012-011,498,462,0.927710843373494,19,0.03815261044176707
2451012-012,1000,946,0.946,28,0.028
2451012-013,0,0,NA,0,NA
2451013-001,987,900,0.9118541033434651,72,0.0729483282674772
2451013-002,897,742,0.8272017837235228,134,0.14938684503901895
2451013-003,1631,1342,0.8228080931943593,249,0.15266707541385652
2451013-004,864,671,0.7766203703703703,170,0.19675925925925927
2451013-005,652,542,0.8312883435582822,92,0.1411042944785276
2451013-006,292,278,0.952054794520548,7,0.023972602739726026
2451013-007,580,559,0.9637931034482758,13,0.022413793103448276
2451013-008,915,872,0.9530054644808743,26,0.02841530054644809
2451013-009,626,597,0.9536741214057508,14,0.022364217252396165
2451013-010,904,849,0.9391592920353983,38,0.0420353982300885
2451013-011,1616,1384,0.8564356435643564,184,0.11386138613861387
2451013-012,1238,1079,0.8715670436187399,125,0.10096930533117932
2451013-013,83,74,0.891566265060241,9,0.10843373493975904
2451014-001,578,530,0.916955017301038,28,0.04844290657439446
2451014-002,543,509,0.9373848987108656,23,0.0423572744014733
2451014-003,359,344,0.958217270194986,5,0.013927576601671309
2451014-004,1156,1089,0.9420415224913494,46,0.039792387543252594
2451014-005,183,170,0.9289617486338798,9,0.04918032786885246
2451015-001,805,759,0.9428571428571428,36,0.04472049689440994
2451015-002,515,485,0.941747572815534,22,0.04271844660194175
2451015-003,1345,1288,0.9576208178438662,41,0.030483271375464683
2451015-004,471,448,0.9511677282377919,16,0.03397027600849257
2451015-005,813,774,0.9520295202952029,26,0.03198031980319803
2451015-006,945,904,0.9566137566137566,27,0.02857142857142857
2451015-007,761,732,0.961892247043364,20,0.026281208935611037
2451015-008,477,447,0.9371069182389937,21,0.0440251572327044
2451015-009,1285,1213,0.9439688715953307,48,0.03735408560311284
2451015-010,801,757,0.9450686641697877,30,0.03745318352059925
2451015-011,637,606,0.9513343799058085,20,0.03139717425431711
2451015-012,110,104,0.9454545454545454,2,0.01818181818181818
2451015-013,330,319,0.9666666666666667,8,0.024242424242424242
2451015-014,724,705,0.9737569060773481,16,0.022099447513812154
2451015-015,322,310,0.9627329192546584,8,0.024844720496894408
2451015-016,336,323,0.9613095238095238,9,0.026785714285714284
2451015-017,651,629,0.9662058371735791,14,0.021505376344086023
2451015-018,1071,1017,0.9495798319327731,38,0.035480859010270774
2451015-019,31,28,0.9032258064516129,3,0.0967741935483871
2451015-020,1043,1009,0.9674017257909875,24,0.023010546500479387
2451015-021,574,555,0.9668989547038328,14,0.024390243902439025
2451015-022,486,463,0.9526748971193416,17,0.03497942386831276
2451015-023,748,711,0.9505347593582888,27,0.03609625668449198
2451015-024,860,814,0.9465116279069767,38,0.044186046511627906
2451015-025,298,275,0.9228187919463087,19,0.06375838926174497
2451016-001,319,309,0.9686520376175548,6,0.018808777429467086
2451016-002,485,464,0.9567010309278351,12,0.024742268041237112
2451016-003,298,281,0.9429530201342282,14,0.04697986577181208
2451016-004,191,179,0.93717277486911,10,0.05235602094240838
2451016-005,767,728,0.9491525423728814,28,0.03650586701434159
2451016-006,772,750,0.9715025906735751,11,0.014248704663212436
2451016-007,648,616,0.9506172839506173,21,0.032407407407407406
2451016-008,410,397,0.9682926829268292,8,0.01951219512195122
2451016-009,583,557,0.9554030874785592,12,0.02058319039451115
2451016-010,368,359,0.9755434782608695,5,0.01358695652173913
2451016-011,328,318,0.9695121951219512,7,0.021341463414634148
2451016-012,707,673,0.9519094766619519,23,0.03253182461103253
2451016-013,783,756,0.9655172413793104,20,0.02554278416347382
2451016-014,1586,1535,0.967843631778058,34,0.021437578814627996
2451017-001,86,81,0.9418604651162791,4,0.046511627906976744
2451017-002,1309,1226,0.9365928189457601,53,0.04048892284186402
2451018-001,384,362,0.9427083333333334,13,0.033854166666666664
2451018-002,777,694,0.8931788931788932,72,0.09266409266409266
2451019-001,526,511,0.9714828897338403,8,0.015209125475285171
2451019-002,742,636,0.8571428571428571,85,0.11455525606469003
2451019-003,74,69,0.9324324324324325,4,0.05405405405405406
2451020-001,629,607,0.9650238473767886,17,0.02702702702702703
2451020-002,255,241,0.9450980392156862,9,0.03529411764705882
2451020-003,706,670,0.9490084985835694,22,0.031161473087818695
2451020-004,115,108,0.9391304347826087,6,0.05217391304347826
2451020-005,455,443,0.9736263736263736,8,0.017582417582417582
2451020-006,1521,1476,0.9704142011834319,28,0.018408941485864562
2451020-007,1017,955,0.9390363815142576,51,0.05014749262536873
2451020-008,327,294,0.8990825688073395,23,0.07033639143730887
2451020-009,268,202,0.753731343283582,59,0.22014925373134328
2451020-010,178,146,0.8202247191011236,29,0.16292134831460675
2451020-011,394,321,0.8147208121827412,67,0.1700507614213198
2451020-012,0,0,NA,0,NA
2451021-001,568,505,0.8890845070422535,49,0.08626760563380281
2451021-002,956,880,0.9205020920502092,62,0.06485355648535565
2451021-003,908,759,0.8359030837004405,126,0.13876651982378854
2451021-004,300,251,0.8366666666666667,37,0.12333333333333334
2451021-005,0,0,NA,0,NA
2451022-001,956,786,0.8221757322175732,154,0.16108786610878661
2451022-002,1066,913,0.8564727954971857,130,0.12195121951219512
2451023-001,955,766,0.8020942408376963,151,0.1581151832460733
2451023-002,763,650,0.8519003931847968,96,0.1258191349934469
2451023-003,1395,1033,0.7405017921146954,315,0.22580645161290322
2451024-001,536,411,0.7667910447761194,110,0.20522388059701493
2451024-002,618,509,0.8236245954692557,87,0.1407766990291262
2451024-003,1358,1049,0.772459499263623,268,0.19734904270986744
2451024-004,1853,1425,0.7690232056125202,375,0.2023745277927685
2451024-005,2984,2222,0.7446380697050938,673,0.22553619302949063
2451025-001,1711,1576,0.9210987726475746,114,0.06662770309760374
2451025-002,1067,996,0.9334582942830365,58,0.05435801312089972
2451025-003,1030,606,0.5883495145631068,392,0.38058252427184464
2451025-004,1109,609,0.5491433724075744,470,0.4238052299368801
2451025-005,891,739,0.8294051627384961,134,0.15039281705948374
2451025-006,456,426,0.9342105263157895,20,0.043859649122807015
2451025-007,193,172,0.8911917098445595,18,0.09326424870466321
2451025-008,916,850,0.9279475982532751,42,0.04585152838427948
2451025-009,526,508,0.9657794676806084,7,0.013307984790874524
2451025-010,655,614,0.9374045801526718,26,0.03969465648854962
2451025-011,258,143,0.5542635658914729,110,0.4263565891472868
2451025-012,508,326,0.6417322834645669,169,0.33267716535433073
2451025-013,299,194,0.6488294314381271,98,0.3277591973244147
2451025-014,398,342,0.8592964824120602,45,0.11306532663316583
2451025-015,485,386,0.7958762886597938,89,0.18350515463917524
2451025-016,2006,1663,0.82901296111665,304,0.15154536390827517
2451025-017,196,154,0.7857142857142857,39,0.1989795918367347
2451025-018,137,108,0.7883211678832117,22,0.16058394160583941
2451026-001,134,63,0.4701492537313433,64,0.47761194029850745
2451026-002,669,513,0.7668161434977578,141,0.21076233183856502
2451026-003,638,337,0.5282131661442007,293,0.4592476489028213
2451026-004,454,279,0.6145374449339207,167,0.36784140969163
2451026-005,259,159,0.6138996138996139,94,0.36293436293436293
2451026-006,468,277,0.5918803418803419,176,0.37606837606837606
2451026-007,866,641,0.7401847575057737,200,0.23094688221709006
2451026-008,1095,820,0.7488584474885844,233,0.21278538812785389
2451026-009,2160,1568,0.725925925925926,517,0.23935185185185184
2451026-010,1154,897,0.7772963604852686,224,0.19410745233968804
2451026-011,398,292,0.7336683417085427,94,0.23618090452261306
2451026-012,200,178,0.89,19,0.095
2451026-013,360,160,0.4444444444444444,194,0.5388888888888889
2451026-014,289,139,0.4809688581314879,144,0.4982698961937716
2451026-015,872,826,0.9472477064220184,35,0.040137614678899085
2451026-016,701,666,0.9500713266761769,27,0.03851640513552068
2451026-017,298,282,0.9463087248322147,13,0.0436241610738255
2451026-018,633,588,0.9289099526066351,40,0.0631911532385466
2451026-019,756,716,0.9470899470899471,28,0.037037037037037035
2451026-020,375,358,0.9546666666666667,14,0.037333333333333336
2451026-021,472,452,0.9576271186440678,14,0.029661016949152543
2451026-022,419,394,0.9403341288782816,20,0.0477326968973747
2451026-023,636,600,0.9433962264150944,27,0.04245283018867924
2451026-024,1202,1135,0.9442595673876872,46,0.03826955074875208
2451026-025,764,714,0.9345549738219895,39,0.051047120418848166
2451026-026,1004,858,0.8545816733067729,121,0.1205179282868526
2451026-027,871,789,0.9058553386911596,71,0.08151549942594719
2451026-028,723,679,0.9391424619640387,37,0.051175656984785614
2451026-029,2383,2225,0.9336970205623164,135,0.056651279899286616
2451026-030,580,496,0.8551724137931035,72,0.12413793103448276
2451026-031,504,384,0.7619047619047619,107,0.2123015873015873
2451026-032,931,884,0.949516648764769,40,0.04296455424274973
2451026-033,863,827,0.9582850521436849,27,0.031286210892236384
2451027-001,1363,1186,0.8701393983859135,145,0.10638297872340426
2451027-002,507,436,0.8599605522682445,59,0.11637080867850098
2451027-003,460,402,0.8739130434782608,50,0.10869565217391304
2451027-004,371,318,0.8571428571428571,45,0.12129380053908356
2451027-005,1538,1308,0.8504551365409623,204,0.13263979193758127
2451027-006,1851,1664,0.8989735278227985,158,0.08535926526202053
2451027-007,697,637,0.9139167862266858,54,0.07747489239598278
2451027-008,1525,1290,0.8459016393442623,214,0.14032786885245901
2451027-009,964,781,0.8101659751037344,162,0.16804979253112035
2451027-010,470,313,0.6659574468085107,141,0.3
2451027-011,1493,1089,0.7294038847957133,358,0.23978566644340255
2451027-012,389,289,0.7429305912596401,92,0.2365038560411311
2451027-013,1541,1296,0.8410123296560675,206,0.1336794289422453
2451027-014,1664,1355,0.8143028846153846,265,0.15925480769230768
2451027-015,1297,1187,0.9151888974556669,91,0.07016191210485737
2451027-016,465,406,0.8731182795698925,47,0.1010752688172043
2451027-017,798,710,0.8897243107769424,68,0.08521303258145363
2451027-018,1115,991,0.8887892376681614,102,0.09147982062780269
2451027-019,420,405,0.9642857142857143,14,0.03333333333333333
2451027-020,1514,1438,0.9498018494055482,65,0.042932628797886396
2451027-021,1543,1471,0.9533376539209333,45,0.02916396629941672
2451027-022,1663,1597,0.9603126879134095,51,0.030667468430547205
2451027-023,397,380,0.9571788413098237,15,0.037783375314861464
2451027-024,354,343,0.9689265536723164,7,0.01977401129943503
2451027-025,794,761,0.9584382871536524,27,0.03400503778337532
2451027-026,548,523,0.9543795620437956,15,0.02737226277372263
2451027-027,1037,1008,0.9720347155255545,22,0.021215043394406944
2451027-028,751,721,0.9600532623169108,23,0.03062583222370173
2451027-029,517,493,0.9535783365570599,19,0.0367504835589942
2451027-030,846,811,0.958628841607565,25,0.02955082742316785
2451027-031,1413,1349,0.9547062986553433,48,0.03397027600849257
2451027-032,1576,1432,0.9086294416243654,115,0.07296954314720812
2451027-033,1542,1447,0.9383916990920882,70,0.04539559014267185
2451027-034,739,706,0.9553450608930988,25,0.03382949932341001
2451027-035,1494,1406,0.9410977242302544,54,0.03614457831325301
2451027-036,437,412,0.9427917620137299,19,0.043478260869565216
2451027-037,508,411,0.8090551181102362,82,0.16141732283464566
2451027-038,858,769,0.8962703962703963,68,0.07925407925407925
2451027-039,670,559,0.8343283582089552,97,0.14477611940298507
2451027-040,1212,971,0.8011551155115512,206,0.16996699669966997
2451027-041,1492,1232,0.8257372654155496,211,0.14142091152815014
2451027-042,1339,1140,0.8513816280806572,165,0.12322628827483197
2451027-043,662,555,0.8383685800604229,96,0.14501510574018128
2451027-044,981,866,0.8827726809378186,92,0.09378185524974515
2451027-045,1401,1226,0.875089221984297,152,0.10849393290506781
2451027-046,712,615,0.8637640449438202,84,0.11797752808988764
2451027-047,831,680,0.8182912154031288,137,0.1648616125150421
2451027-048,628,576,0.9171974522292994,44,0.07006369426751592
2451027-049,2343,1906,0.813486982501067,394,0.16816047801963294
2451027-050,931,870,0.9344790547798066,43,0.04618689581095596
2451027-051,139,129,0.9280575539568345,10,0.07194244604316546
2451027-052,1362,1296,0.9515418502202643,37,0.027165932452276064
2451027-053,711,688,0.9676511954992968,15,0.02109704641350211
2451027-054,229,220,0.9606986899563319,5,0.021834061135371178
2451027-055,306,300,0.9803921568627451,6,0.0196078431372549
2451027-056,434,424,0.9769585253456221,3,0.0069124423963133645
2451027-057,982,950,0.9674134419551935,24,0.024439918533604887
2451027-058,299,290,0.9698996655518395,8,0.026755852842809364
2451027-059,489,461,0.9427402862985685,23,0.04703476482617587
2451027-060,963,785,0.8151609553478713,171,0.17757009345794392
2451027-061,474,392,0.8270042194092827,78,0.16455696202531644
2451027-062,1215,705,0.5802469135802469,488,0.4016460905349794
2451027-063,1206,750,0.6218905472636815,426,0.35323383084577115
2451027-064,1295,565,0.4362934362934363,688,0.5312741312741313
2451027-065,2049,1022,0.4987798926305515,987,0.4816983894582723
2451027-066,1666,635,0.38115246098439376,993,0.5960384153661464
2451027-067,1253,871,0.6951316839584996,358,0.2857142857142857
2451028-001,771,729,0.9455252918287937,33,0.042801556420233464
2451028-002,1272,1205,0.9473270440251572,41,0.03223270440251572
2451028-003,259,245,0.9459459459459459,7,0.02702702702702703
2451028-004,405,384,0.9481481481481482,17,0.04197530864197531
2451028-005,977,929,0.9508700102354145,32,0.032753326509723645
2451028-006,1420,1353,0.9528169014084507,48,0.03380281690140845
2451028-007,707,675,0.9547383309759547,23,0.03253182461103253
2451028-008,895,856,0.9564245810055866,26,0.02905027932960894
2451028-009,1107,1031,0.931345980126468,58,0.052393857271906055
2451028-010,1371,1285,0.937272064186725,75,0.05470459518599562
2451028-011,1222,1161,0.9500818330605565,47,0.038461538461538464
2451028-012,1029,937,0.9105928085519922,72,0.06997084548104957
2451028-013,780,748,0.958974358974359,25,0.03205128205128205
2451028-014,295,271,0.9186440677966101,18,0.061016949152542375
2451028-015,1159,1011,0.8723037100949094,122,0.10526315789473684
